modelo,tipo,F1,F2,precision,recall,AUC_PR,AUC_ROC,tam_KB,ms_muestra,IC_low,IC_high
LightGBM,supervisado,0.9104,0.8861,0.954,0.8706,0.9408,0.9627,3110.9,0.0038,0.9090078006866125,0.911532307075844
Dense-AE,no supervisado,0.8157,0.809,0.8273,0.8045,0.8553,0.9317,134.0,0.0009,0.8138649207278462,0.8174701311648753
Stacking,no supervisado,0.8115,0.8062,0.8204,0.8027,0.8807,0.9526,,,0.8095422431490473,0.8130839048712559
KMeans+IF,no supervisado,0.7895,0.7651,0.8337,0.7497,0.7644,0.927,17425.4,0.0086,0.7870459574195577,0.7915508757598156
Isolation Forest,no supervisado,0.7544,0.7499,0.7621,0.7469,0.7824,0.9266,6910.8,0.0082,0.752542207049905,0.7563888910196441
LSTM-AE,no supervisado,0.7452,0.7984,0.6706,0.8384,0.8807,0.9393,3178.6,0.0032,0.7429988564315859,0.7472542479550273
VAE,no supervisado,0.6927,0.7201,0.6514,0.7395,0.5004,0.8741,27.5,0.0009,0.6241624482340272,0.6288219032107735
Transformer-AE,no supervisado,0.6035,0.658,0.5303,0.7001,0.5839,0.8856,1102.8,0.0013,0.6011729239844456,0.6060236325083902
CNN-AE,no supervisado,0.4354,0.4913,0.366,0.5372,0.4322,0.7585,198.5,0.0004,0.4330512686635054,0.43777616480212755
