,scaling,offset,noise,ramp,step,replay,voltage_spoof
LightGBM,0.9506282995018217,0.9792056410994388,0.9658006547328829,0.7809510209910039,0.6337484524069623,0.7982107355864811,0.9902971497877502
Dense-AE,0.8376830991151758,0.9021441934091237,0.8931531657031413,0.6879194630872483,0.5942757264583789,0.7402726498153933,0.9825651910248635
Stacking,0.7971596401219422,0.8860267664412146,0.9573030577418681,0.6484363844066828,0.6061466754060156,0.7678926441351889,0.9580048514251062
KMeans+IF,0.801769648300989,0.8917110375593611,0.7991920317615101,0.7035556190204199,0.5633966936129925,0.6511644419199091,0.8412674348089751
Isolation Forest,0.7696483009889211,0.8828608432868038,0.8422372361914049,0.6704983578466371,0.5928191683052946,0.6628088611190003,0.8079138872043663
LSTM-AE,0.8188712915458398,0.8898402647863002,1.0,0.6394402398971869,0.6885150389629306,0.885898892360125,0.9447392359005458
VAE,0.8681686370733883,0.9345229529428695,0.92442710872745,0.7096958446380123,0.6660840434054329,0.7182618574268673,0.6870072771376592
Transformer-AE,0.609413339281731,0.6131097999712188,0.9992338232221216,0.5013565614736541,0.5808025635423494,0.8336410110763988,0.7512128562765312
CNN-AE,0.40768830396311995,0.5608001151244784,0.9547955701051751,0.3675567613879766,0.4525526181632802,0.5781738142573133,0.41456943602183144
